"Тип дорожного знака";"Количество знаков";""
"Пешеходный переход";735;72.54244081632649
"Остановка запрещена";277;192.48625992779773
"Работает эвакуатор";256;208.2761484374999
"Место остановки автобуса и (или) троллейбуса";188;283.610074468085
"Место стоянки";182;292.959857142857
"Зона действия";139;383.58772661870483
"Въезд запрещен";129;413.3232093023254
"Главная дорога";121;440.6503636363634
"Направления движения по полосе";118;451.8533389830506
"Способ постановки транспортного средства на стоянку";116;459.64391379310325
"Уступите дорогу";110;484.71539999999976
"Рабочие дни";109;489.1623302752291
"Полоса для маршрутных транспортных средств";101;527.9078613861384
"Указатель направления";91;585.919714285714
"Стоп-линия";81;658.2554814814812
"Движение прямо";77;692.450571428571
"Движение прямо или направо";68;784.0984411764703
"Инвалиды";66;807.8589999999996
"Подземный пешеходный переход";65;820.2875999999997
"Дорога с односторонним движением";49;1088.1366122448974
"Препятствие";46;1159.1020434782604
"Предварительный указатель направлений";44;1211.7884999999994
"Ограничение максимальной скорости";42;1269.4927142857136
"Объезд препятствия справа или слева";37;1441.045783783783
"Выезд на дорогу с односторонним движением";35;1523.3912571428564
"Дети";34;1568.1968823529405
"Движение направо";30;1777.289799999999
"Конец полосы для маршрутных транспортных средств";30;1777.289799999999
"Начало полосы";23;2318.2040869565208
"Движение прямо или налево";21;2538.9854285714273
"Объезд препятствия справа";20;2665.934699999999
"Фотовидеофиксация";20;2665.934699999999
"Движение грузовых автомобилей запрещено";18;2962.1496666666653
"Место для разворота";18;2962.1496666666653
"Искусственная неровность";17;3136.393764705881
"Платные услуги";14;3808.478142857141
"Конец главной дороги";13;4101.437999999998
"Конец дороги с односторонним движением";11;4847.153999999998
"Движение транспортных средств с опасными грузами запрещено";10;5331.869399999998
"Неровная дорога";10;5331.869399999998
"Конец полосы";9;5924.299333333331
"Направления движения по полосам";9;5924.299333333331
"Место стоянки легковых такси";8;6664.836749999997
"Дорожные работы";7;7616.956285714282
"Направление действия";6;8886.448999999995
"Опасный поворот";6;8886.448999999995
"Расстояние до объекта";5;10663.738799999996
"Направление поворота";5;10663.738799999996
"Жилая зона";4;13329.673499999994
"Вид транспортного средства";4;13329.673499999994
"Наименование объекта";4;13329.673499999994
"Сужение дороги";4;13329.673499999994
"Конец ограничения максимальной скорости";3;17772.89799999999
"Слепые пешеходы";3;17772.89799999999
"Движение налево";3;17772.89799999999
"Тупик";3;17772.89799999999
"Поворот направо запрещен";3;17772.89799999999
"Стоянка запрещена";3;17772.89799999999
"Время действия";3;17772.89799999999
"Конец жилой зоны";2;26659.346999999987
"Скользкая дорога";2;26659.346999999987
"Полоса движения";2;26659.346999999987
"Конец всех ограничений";2;26659.346999999987
"Стоянка запрещена по нечетным числам месяца";2;26659.346999999987
"Ограничение высоты";2;26659.346999999987
"Дорога для автомобилей";2;26659.346999999987
"Не распространяется на автобус (категория ""D"")";2;26659.346999999987
"Двустороннее движение";1;53318.693999999974
"Направление движения транспортных средств с опасными грузами";1;53318.693999999974
"Больница";1;53318.693999999974
"Направление движения по полосам";1;53318.693999999974
"Тоннель";1;53318.693999999974
"Стоянка запрещена по четным числам месяца";1;53318.693999999974
"Автозаправочная станция";1;53318.693999999974
"Влажное покрытие";1;53318.693999999974
"Поворот налево запрещен";1;53318.693999999974
"Движение направо или налево";1;53318.693999999974
"Движение без остановки запрещено";1;53318.693999999974
"Место остановки трамвая";1;53318.693999999974
"Пересечение с трамвайной линией";1;53318.693999999974
"""Место стоянки"" совмещенный с 8.8 ""Платные услуги""";1;53318.693999999974
"Электромобиль";1;53318.693999999974
