"Тип дорожного знака";"Количество знаков";"Плотность знаков на улице (метров дороги на один знак)"
"Пешеходный переход";86;54.33711627906977
"Главная дорога";17;274.8818823529412
"Место остановки автобуса и (или) троллейбуса";16;292.062
"Дети";16;292.062
"Стоп-линия";15;311.5328
"Уступите дорогу";9;519.2213333333334
"Стоянка запрещена по четным числам месяца";8;584.124
"Зона действия";7;667.5702857142858
"Стоянка запрещена по нечетным числам месяца";7;667.5702857142858
"Искусственная неровность";5;934.5984000000001
"Въезд запрещен";3;1557.664
"Дорога с односторонним движением";3;1557.664
"Остановка запрещена";3;1557.664
"Препятствие";2;2336.496
"Место стоянки";2;2336.496
"Расстояние до объекта";2;2336.496
"Движение прямо или налево";2;2336.496
"Объезд препятствия справа или слева";2;2336.496
"Движение прямо";2;2336.496
"Скользкая дорога";2;2336.496
"Ограничение максимальной скорости";2;2336.496
"Тупик";1;4672.992
"Движение прямо или направо";1;4672.992
"Объезд препятствия справа";1;4672.992
"Движение направо или налево";1;4672.992
"Указатель направления";1;4672.992
"Конец дороги с односторонним движением";1;4672.992
"Работает эвакуатор";1;4672.992
"Направление действия";1;4672.992
