"Тип дорожного знака";"Количество знаков"
"Пешеходный переход";385
"Остановка запрещена";300
"Работает эвакуатор";211
"Зона действия";149
"Место стоянки";125
"Въезд запрещен";101
"Способ постановки транспортного средства на стоянку";89
"Главная дорога";85
"Направления движения по полосе";77
"Указатель направления";75
"Место остановки автобуса и (или) троллейбуса";68
"Полоса для маршрутных транспортных средств";68
"Уступите дорогу";68
"Рабочие дни";62
"Платные услуги";57
"Движение прямо";54
"Ограничение максимальной скорости";54
"Объезд препятствия справа или слева";50
"Препятствие";48
"Вид транспортного средства";47
"Инвалиды";37
"Стоп-линия";36
"Движение запрещено";36
"Движение направо";36
"Направление действия";33
"Ограничение разрешенной максимальной массы";32
"Подземный пешеходный переход";30
"Дорога с односторонним движением";28
"Искусственная неровность";26
"Направление поворота";22
"Движение прямо или направо";21
"Предварительный указатель направлений";21
"Выезд на дорогу с односторонним движением";18
"Время действия";17
"Дети";17
"Конец дороги с односторонним движением";17
"Расстояние до объекта";13
"Фотовидеофиксация";11
"Ограничение высоты";11
"Стоянка запрещена";11
"Надземный пешеходный переход";11
"Жилая зона";10
"Конец полосы";9
"Движение без остановки запрещено";8
"Место для разворота";8
"Круговое движение";7
"Место стоянки легковых такси";6
"Дорожные работы";6
"Конец жилой зоны";6
"Движение транспортных средств с опасными грузами запрещено";6
"Поворот направо запрещен";6
"Полоса движения";5
"Объезд препятствия справа";5
"Начало полосы";5
"Движение пешеходов запрещено";5
"Движение прямо или налево";4
"Сужение дороги";4
"Ограничение длины";4
"Мойка автомобилей";3
"Скользкая дорога";3
"Тупик";3
"Тоннель";3
"Указатель расстояний";3
"Движение грузовых автомобилей запрещено";3
"Ограничение ширины ";3
"Конец зоны с ограничением максимальной скорости";3
"Объезд препятствия слева";3
"Конец главной дороги";2
"Направление главной дороги";2
"Светофорное регулирование";2
"Неровная дорога";2
"Направления движения по полосам";2
"Движение налево";2
"Движение автобусов запрещено";2
"Конец зоны регулируемой стоянки";2
"Зона регулируемой стоянки";2
"Пешеходная дорожка";2
"Предварительный указатель направления";1
"Больница";1
"Движение направо или налево";1
"Номер маршрута";1
"Опасные повороты";1
"Конец дороги для автомобилей";1
"Не распространяется на грузовые ТС > 3,5 т (категория ""С""), в т.ч. с прицепом";1
"Зона с ограничением максимальной скорости";1
"Место остановки трамвая";1
"Пересечение с трамвайной линией";1
"Конец ограничения максимальной скорости";1
"Опасный поворот";1
"Дорога для автомобилей";1
"Стоянка только для владельцев парковочных разрешений";1
"""Зона регулируемой стоянки"" совмещенный с 8.8 ""Платные услуги""";1
"""Конец зоны регулируемой стоянки"" совмещенный с 8.8 ""Платные услуги""";1
"не указаны";1
"Кроме электромобиля";1
