"Тип дорожного знака";"Количество знаков";"Плотность знаков на улице (метров дороги на один знак)"
"Пешеходный переход";36;"no data"
"Место остановки автобуса и (или) троллейбуса";26;"no data"
"Остановка запрещена";21;"no data"
"Зона действия";21;"no data"
"Искусственная неровность";19;"no data"
"Работает эвакуатор";19;"no data"
"Ограничение максимальной скорости";13;"no data"
"Предварительный указатель направлений";12;"no data"
"Объезд препятствия справа или слева";8;"no data"
"Место стоянки";8;"no data"
"Главная дорога";6;"no data"
"Движение прямо";6;"no data"
"Надземный пешеходный переход";6;"no data"
"Вид транспортного средства";6;"no data"
"Препятствие";5;"no data"
"Движение направо";5;"no data"
"Въезд запрещен";4;"no data"
"Уступите дорогу";4;"no data"
"Движение прямо или направо";4;"no data"
"Конец полосы";4;"no data"
"Стоп-линия";4;"no data"
"Дети";4;"no data"
"Указатель направления";3;"no data"
"Способ постановки транспортного средства на стоянку";3;"no data"
"Инвалиды";3;"no data"
"Километровый знак";2;"no data"
"Подземный пешеходный переход";2;"no data"
"Конец главной дороги";2;"no data"
"Конец полосы для маршрутных транспортных средств";2;"no data"
"Конец ограничения максимальной скорости";2;"no data"
"Тупик";1;"no data"
"Движение без остановки запрещено";1;"no data"
"Обгон запрещен";1;"no data"
"Скользкая дорога";1;"no data"
"Начало полосы";1;"no data"
"Конец всех ограничений";1;"no data"
"Объезд препятствия слева";1;"no data"
"Направления движения по полосам";1;"no data"
"Дорога с односторонним движением";1;"no data"
"Конец дороги с односторонним движением";1;"no data"
"Автозаправочная станция";1;"no data"
"Полоса для маршрутных транспортных средств";1;"no data"
"Рабочие дни";1;"no data"
"Пункт контроля международных автомобильных перевозок";1;"no data"
"Не распространяется на грузовые ТС > 3,5 т (категория ""С""), в т.ч. с прицепом";1;"no data"
