"Тип дорожного знака";"Количество знаков";"Плотность знаков на улице (метров дороги на один знак)"
"Пешеходный переход";29;95.35689655172415
"Место остановки автобуса и (или) троллейбуса";24;115.22291666666668
"Остановка запрещена";12;230.44583333333335
"Главная дорога";10;276.535
"Стоп-линия";9;307.2611111111112
"Работает эвакуатор";7;395.05000000000007
"Зона действия";5;553.07
"Движение прямо или направо";3;921.7833333333334
"Направление действия";3;921.7833333333334
"Направления движения по полосам";3;921.7833333333334
"Уступите дорогу";3;921.7833333333334
"Ограничение высоты";2;1382.6750000000002
"Направление главной дороги";2;1382.6750000000002
"Указатель направления";2;1382.6750000000002
"Место стоянки";2;1382.6750000000002
"Движение грузовых автомобилей запрещено";2;1382.6750000000002
"Движение прямо";1;2765.3500000000004
"Способ постановки транспортного средства на стоянку";1;2765.3500000000004
"Дорожные работы";1;2765.3500000000004
"Жилая зона";1;2765.3500000000004
