"Тип дорожного знака";"Количество знаков"
"Работает эвакуатор";40;41.67982500000001
"Остановка запрещена";30;55.573100000000004
"Пешеходный переход";27;61.747888888888895
"Место стоянки";22;75.78150000000001
"Способ постановки транспортного средства на стоянку";22;75.78150000000001
"Зона действия";22;75.78150000000001
"Платные услуги";14;119.0852142857143
"Ограничение максимальной скорости";9;185.24366666666668
"Искусственная неровность";9;185.24366666666668
"Инвалиды";8;208.39912500000003
"Дети";4;416.79825000000005
"Конец ограничения максимальной скорости";3;555.7310000000001
"Главная дорога";3;555.7310000000001
"Уступите дорогу";3;555.7310000000001
"Выезд на дорогу с односторонним движением";2;833.5965000000001
"Стоп-линия";2;833.5965000000001
"Направление поворота";1;1667.1930000000002
"Дорожные работы";1;1667.1930000000002
"Объезд препятствия слева";1;1667.1930000000002
"Конец дороги с односторонним движением";1;1667.1930000000002
"Въезд запрещен";1;1667.1930000000002
"Дорога с односторонним движением";1;1667.1930000000002
"Движение прямо или направо";1;1667.1930000000002
