"Тип дорожного знака";"Количество знаков";"Плотность знаков на улице (метров дороги на один знак)"
"Остановка запрещена";28;53.978607142857136
"Пешеходный переход";27;55.977814814814806
"Работает эвакуатор";18;83.96672222222222
"Место остановки автобуса и (или) троллейбуса";18;83.96672222222222
"Зона действия";17;88.90594117647058
"Направления движения по полосе";10;151.1401
"Стоп-линия";8;188.92512499999998
"Искусственная неровность";5;302.2802
"Главная дорога";5;302.2802
"Указатель направления";5;302.2802
"Дети";4;377.85024999999996
"Подземный пешеходный переход";4;377.85024999999996
"Место стоянки";4;377.85024999999996
"Препятствие";3;503.8003333333333
"Въезд запрещен";3;503.8003333333333
"Ограничение максимальной скорости";3;503.8003333333333
"Жилая зона";3;503.8003333333333
"Уступите дорогу";3;503.8003333333333
"Движение прямо или налево";3;503.8003333333333
"Конец ограничения максимальной скорости";2;755.7004999999999
"Стоянка запрещена";2;755.7004999999999
"Движение прямо";2;755.7004999999999
"Объезд препятствия справа или слева";2;755.7004999999999
"Направления движения по полосам";2;755.7004999999999
"Рабочие дни";2;755.7004999999999
"Дорога с односторонним движением";2;755.7004999999999
"Конец полосы для маршрутных транспортных средств";2;755.7004999999999
"Направление главной дороги";1;1511.4009999999998
"Предварительный указатель направлений";1;1511.4009999999998
"Движение налево";1;1511.4009999999998
"Направление действия";1;1511.4009999999998
"Объезд препятствия справа";1;1511.4009999999998
"Скользкая дорога";1;1511.4009999999998
"Тупик";1;1511.4009999999998
"Конец дороги с односторонним движением";1;1511.4009999999998
"Опасные повороты";1;1511.4009999999998
"Вид транспортного средства";1;1511.4009999999998
"Способ постановки транспортного средства на стоянку";1;1511.4009999999998
"Инвалиды";1;1511.4009999999998
