"Тип дорожного знака";"Количество знаков";"Плотность знаков на улице (метров дороги на один знак)"
"Пешеходный переход";49;24.478918367346942
"Остановка запрещена";23;52.150739130434786
"Работает эвакуатор";22;54.52122727272728
"Способ постановки транспортного средства на стоянку";21;57.1174761904762
"Место стоянки";20;59.97335
"Платные услуги";14;85.6762142857143
"Въезд запрещен";10;119.9467
"Ограничение максимальной скорости";8;149.933375
"Главная дорога";8;149.933375
"Инвалиды";7;171.3524285714286
"Дорога с односторонним движением";7;171.3524285714286
"Дети";7;171.3524285714286
"Зона действия";7;171.3524285714286
"Искусственная неровность";6;199.91116666666667
"Уступите дорогу";5;239.8934
"Объезд препятствия справа";4;299.86675
"Выезд на дорогу с односторонним движением";4;299.86675
"Движение прямо";4;299.86675
"Конец дороги с односторонним движением";4;299.86675
"Направление поворота";3;399.82233333333335
"Дорожные работы";3;399.82233333333335
"Конец главной дороги";3;399.82233333333335
"Сужение дороги";2;599.7335
"Место остановки автобуса и (или) троллейбуса";2;599.7335
"Слепые пешеходы";2;599.7335
"""Место стоянки"" совмещенный с 8.8 ""Платные услуги""";2;599.7335
"Объезд препятствия слева";1;1199.467
"Стоянка запрещена";1;1199.467
"Движение направо";1;1199.467
"Расстояние до объекта";1;1199.467
"Конец ограничения максимальной скорости";1;1199.467
