"Тип дорожного знака";"Количество знаков";"Плотность знаков на улице (метров дороги на один знак)"
"Пешеходный переход";25;"Null"
"Место остановки автобуса и (или) троллейбуса";7;"Null"
"Стоп-линия";6;"Null"
"Главная дорога";4;"Null"
"Уступите дорогу";3;"Null"
"Начало полосы";3;"Null"
"Дети";3;"Null"
"Зона действия";3;"Null"
"Ограничение максимальной скорости";2;"Null"
"Движение прямо";2;"Null"
"Движение прямо или направо";2;"Null"
"Указатель направления";2;"Null"
"Движение направо или налево";1;"Null"
"Остановка запрещена";1;"Null"
"Направление главной дороги";1;"Null"
"Опасный поворот";1;"Null"
"Жилая зона";1;"Null"
"Конец жилой зоны";1;"Null"
